"Date","series","OPEN","HIGH","LOW","PREV.CLOSE","ltp","close","vwap","52W H","52W L","VOLUME","VALUE","No of trades"
"01-Nov-2019","EQ","227.70","239.50","227.50","228.00","236.80","237.60","234.49","359.90","201.75",9208037,"2,159,187,367.55",61820
"31-Oct-2019","EQ","235.70","236.50","227.05","234.40","227.70","228.00","232.67","359.90","201.75",6994856,"1,627,492,450.70",50711
"30-Oct-2019","EQ","236.95","236.95","231.25","234.25","234.50","234.40","233.84","359.90","201.75",5246865,"1,226,934,902.50",35316
"29-Oct-2019","EQ","219.60","236.40","219.60","219.35","234.00","234.25","230.58","359.90","201.75",13887709,"3,202,270,046.05",91597
"27-Oct-2019","EQ","218.00","221.40","218.00","217.35","219.45","219.35","219.33","368.85","201.75",756987,"166,030,911.10",5642
"25-Oct-2019","EQ","222.50","224.15","216.10","222.85","216.80","217.35","221.30","368.85","201.75",8612440,"1,905,966,271.20",45771
"24-Oct-2019","EQ","215.20","225.10","215.20","222.70","223.70","222.85","222.12","368.85","201.75",15890442,"3,529,532,873.80",83437
"23-Oct-2019","EQ","218.60","224.80","215.75","219.70","224.35","222.70","220.32","368.85","201.75",8030559,"1,769,311,349.20",51366
"22-Oct-2019","EQ","223.00","225.90","219.20","223.35","219.50","219.70","222.64","368.85","201.75",8305579,"1,849,131,628.50",47356
"18-Oct-2019","EQ","222.10","225.20","220.30","222.95","222.15","223.35","223.30","385.20","201.75",9026105,"2,015,527,828.60",46096
"17-Oct-2019","EQ","218.30","224.70","214.35","220.30","223.75","222.95","218.47","385.20","201.75",10798747,"2,359,161,285.70",65257
"16-Oct-2019","EQ","222.25","223.65","218.45","219.65","219.75","220.30","220.51","385.20","201.75",7753169,"1,709,664,069.30",58753
"15-Oct-2019","EQ","221.00","226.90","214.25","221.45","219.50","219.65","219.53","385.20","201.75",14900735,"3,271,119,815.60",94504
"14-Oct-2019","EQ","218.80","225.00","218.35","217.25","221.50","221.45","222.65","385.20","201.75",7515730,"1,673,348,396.10",43213
"11-Oct-2019","EQ","215.00","220.90","212.80","213.75","216.35","217.25","216.62","385.20","201.75",8965423,"1,942,071,419.20",52633
"10-Oct-2019","EQ","211.30","214.90","209.10","212.80","212.95","213.75","212.17","385.20","201.75",6693227,"1,420,104,245.65",38136
"09-Oct-2019","EQ","207.30","213.75","205.95","208.00","213.30","212.80","210.25","385.20","201.75",5958422,"1,252,768,270.70",43644
"07-Oct-2019","EQ","214.90","215.80","207.00","214.65","208.05","208.00","211.99","385.20","201.75",7420654,"1,573,116,274.40",48468
"04-Oct-2019","EQ","222.30","223.90","212.45","221.55","213.00","214.65","218.97","387.50","201.75",6600815,"1,445,367,382.45",43718
"03-Oct-2019","EQ","220.95","225.70","218.30","222.65","220.20","221.55","222.79","387.50","201.75",5324110,"1,186,153,759.45",42057
"01-Oct-2019","EQ","229.10","231.75","220.40","229.95","223.20","222.65","226.25","387.50","201.75",6026952,"1,363,616,838.40",35459
"30-Sep-2019","EQ","228.00","231.00","222.50","232.20","228.70","229.95","226.75","387.50","201.75",6783701,"1,538,170,787.90",42739
"27-Sep-2019","EQ","233.60","236.50","230.60","235.45","231.20","232.20","233.53","414.00","201.75",7000789,"1,634,901,003.55",37917
"26-Sep-2019","EQ","236.00","237.80","231.25","234.40","235.55","235.45","234.75","414.00","201.75",8069927,"1,894,422,072.45",63627
"25-Sep-2019","EQ","233.50","235.75","228.30","233.35","233.60","234.40","231.86","414.00","201.75",7594921,"1,760,921,626.80",56227
"24-Sep-2019","EQ","241.95","242.00","232.50","243.70","233.50","233.35","236.38","414.00","201.75",9073501,"2,144,765,892.40",54593
"23-Sep-2019","EQ","252.95","252.95","237.40","238.10","240.15","243.70","242.36","414.00","201.75",13040988,"3,160,573,914.30",82379
"20-Sep-2019","EQ","220.65","240.20","218.25","219.55","234.50","238.10","231.62","427.55","201.75",23899821,"5,535,580,284.95",134472
"19-Sep-2019","EQ","220.15","221.60","215.25","221.40","220.50","219.55","218.75","427.55","201.75",9020768,"1,973,312,470.35",63162
"18-Sep-2019","EQ","217.55","223.55","217.25","216.20","220.90","221.40","221.04","427.55","201.75",9790812,"2,164,180,490.25",47994
"17-Sep-2019","EQ","224.40","229.00","214.80","225.65","215.80","216.20","222.96","427.55","201.75",9403320,"2,096,542,479.00",67569
"16-Sep-2019","EQ","222.50","227.50","222.50","226.20","225.50","225.65","225.33","427.55","201.75",5494139,"1,238,009,881.75",41744
"13-Sep-2019","EQ","222.05","227.60","219.10","222.05","226.50","226.20","222.61","427.55","201.75",8639132,"1,923,169,083.80",40538
"12-Sep-2019","EQ","228.00","232.25","221.20","227.70","221.70","222.05","226.86","427.55","201.75",9281462,"2,105,565,559.60",67290
"11-Sep-2019","EQ","220.40","228.95","220.15","219.50","227.80","227.70","226.80","427.55","201.75",11404495,"2,586,487,030.85",57656
"09-Sep-2019","EQ","218.00","224.50","213.85","217.95","219.35","219.50","219.89","427.55","201.75",9829589,"2,161,417,243.85",48779
"06-Sep-2019","EQ","217.40","219.35","212.25","216.25","217.30","217.95","215.29","427.55","201.75",8494436,"1,828,757,315.65",38497
"05-Sep-2019","EQ","217.10","222.30","213.50","214.80","216.50","216.25","218.64","427.55","201.75",10360712,"2,265,294,367.95",59882
"04-Sep-2019","EQ","208.85","216.05","207.50","210.15","215.30","214.80","211.64","427.55","201.75",8097106,"1,713,691,518.95",44988
"03-Sep-2019","EQ","214.00","215.50","209.30","217.45","209.60","210.15","212.46","427.55","201.75",5563093,"1,181,907,801.15",39587
"30-Aug-2019","EQ","215.00","218.95","211.25","211.95","218.00","217.45","215.17","427.55","201.75",10442126,"2,246,799,272.00",70976
"29-Aug-2019","EQ","203.80","214.55","201.75","205.75","212.00","211.95","207.57","427.55","201.75",18785875,"3,899,344,020.35",101946
"28-Aug-2019","EQ","214.00","214.25","202.80","213.40","205.25","205.75","208.11","427.55","202.80",9056214,"1,884,718,251.70",67745
"27-Aug-2019","EQ","217.40","217.50","212.80","214.10","213.50","213.40","215.10","427.55","206.30",12287346,"2,643,025,416.15",97800
"26-Aug-2019","EQ","222.15","225.00","206.30","220.65","213.90","214.10","212.26","427.55","206.30",13555325,"2,877,311,411.45",95211
"23-Aug-2019","EQ","214.50","223.60","213.75","217.00","221.70","220.65","220.09","427.55","208.75",4978377,"1,095,707,260.05",43683
"22-Aug-2019","EQ","215.00","220.40","212.80","219.00","216.10","217.00","216.93","427.55","208.75",6938275,"1,505,088,027.50",46163
"21-Aug-2019","EQ","223.50","226.00","217.70","224.85","219.00","219.00","222.06","427.55","208.75",5016435,"1,113,936,444.20",26568
"20-Aug-2019","EQ","225.05","226.10","221.65","226.20","224.55","224.85","223.75","427.55","208.75",5107078,"1,142,733,200.20",31350
"19-Aug-2019","EQ","228.30","230.85","224.75","227.15","225.05","226.20","227.09","427.55","208.75",4394801,"998,026,675.90",30718
"16-Aug-2019","EQ","226.35","228.95","221.60","227.75","228.45","227.15","225.28","427.55","208.75",6083438,"1,370,491,200.70",52060
"14-Aug-2019","EQ","222.60","229.90","220.75","220.15","227.30","227.75","225.62","427.55","208.75",6940915,"1,566,021,539.30",49995
"13-Aug-2019","EQ","217.60","224.45","216.45","220.60","220.00","220.15","221.06","427.55","208.75",6628569,"1,465,287,749.35",48429
"09-Aug-2019","EQ","221.70","228.45","219.30","221.70","219.50","220.60","224.75","427.55","208.75",9077239,"2,040,082,856.60",57376
"08-Aug-2019","EQ","213.30","222.85","208.75","212.25","222.85","221.70","216.62","427.55","208.75",8752577,"1,895,997,879.15",57915
"07-Aug-2019","EQ","217.70","217.80","210.60","217.55","210.85","212.25","213.69","427.55","210.60",7073513,"1,511,512,055.10",50483
"06-Aug-2019","EQ","214.60","221.45","214.15","217.70","216.70","217.55","218.89","427.55","212.25",6703116,"1,467,273,188.70",49751
"05-Aug-2019","EQ","220.80","221.25","212.25","225.15","218.60","217.70","217.45","427.55","212.25",7681043,"1,670,228,461.45",58439
"02-Aug-2019","EQ","223.00","230.45","217.80","225.25","224.45","225.15","224.53","427.55","217.80",11444553,"2,569,635,261.25",85777
"01-Aug-2019","EQ","235.10","235.80","222.70","237.45","225.55","225.25","228.25","427.55","220.00",7768510,"1,773,148,991.00",68183
"31-Jul-2019","EQ","228.35","238.30","226.10","230.25","236.90","237.45","234.65","427.55","220.00",5983362,"1,404,011,409.35",50236
"30-Jul-2019","EQ","243.05","248.00","220.00","241.40","231.00","230.25","238.95","427.55","220.00",8938349,"2,135,818,880.80",62188
"29-Jul-2019","EQ","245.85","246.25","236.85","249.70","243.40","241.40","240.94","427.55","236.85",7935024,"1,911,852,681.25",55976
"26-Jul-2019","EQ","248.95","253.35","247.10","248.65","247.50","249.70","250.23","427.55","246.75",5386836,"1,347,955,544.20",43130
"25-Jul-2019","EQ","254.80","257.90","247.80","255.25","248.95","248.65","252.38","427.55","246.75",6895024,"1,740,190,872.25",52073
"24-Jul-2019","EQ","263.00","263.85","246.75","263.30","254.40","255.25","252.86","427.55","246.75",10491930,"2,653,012,063.25",72679
"23-Jul-2019","EQ","266.00","266.00","259.80","264.40","261.25","263.30","262.48","427.55","252.00",3534413,"927,720,441.75",36173
"22-Jul-2019","EQ","259.90","265.50","256.30","259.05","264.70","264.40","261.94","427.55","252.00",3426665,"897,586,768.35",33685
"19-Jul-2019","EQ","267.30","269.20","258.20","266.10","259.75","259.05","262.84","427.55","252.00",3828583,"1,006,314,519.00",35901
"18-Jul-2019","EQ","270.00","270.75","264.90","271.90","266.50","266.10","267.19","427.55","252.00",3627824,"969,315,666.30",38160
"17-Jul-2019","EQ","272.00","275.00","268.80","273.90","271.70","271.90","271.83","427.55","252.00",3290727,"894,519,925.50",37490
"16-Jul-2019","EQ","269.95","275.00","269.00","270.95","273.20","273.90","272.64","427.55","252.00",3794706,"1,034,588,803.25",35320
"15-Jul-2019","EQ","267.40","272.75","263.70","267.90","270.40","270.95","268.19","427.55","252.00",4909761,"1,316,759,818.50",38562
"12-Jul-2019","EQ","267.30","270.85","261.70","267.30","267.40","267.90","266.91","427.55","252.00",7690461,"2,052,669,179.35",65424
"11-Jul-2019","EQ","259.30","268.10","257.85","254.90","267.55","267.30","263.56","427.55","252.00",11021639,"2,904,836,082.20",71638
"10-Jul-2019","EQ","263.50","264.35","252.00","262.35","255.20","254.90","255.81","427.55","252.00",6051189,"1,547,941,380.35",57582
"09-Jul-2019","EQ","262.00","265.50","260.50","262.25","262.65","262.35","262.47","427.55","252.65",3210950,"842,767,214.80",29300
"08-Jul-2019","EQ","262.10","267.20","257.90","266.65","263.00","262.25","263.10","427.55","252.65",3816891,"1,004,218,985.30",39477
"05-Jul-2019","EQ","275.75","278.70","265.05","275.05","266.50","266.65","273.46","427.55","252.65",4112441,"1,124,568,987.60",38700
"04-Jul-2019","EQ","277.00","278.00","273.80","277.40","274.10","275.05","276.17","427.55","252.65",3266606,"902,130,911.35",27254
"03-Jul-2019","EQ","276.00","279.80","273.75","276.15","278.00","277.40","277.06","427.55","252.65",3416371,"946,542,494.35",31160
"02-Jul-2019","EQ","275.70","277.20","272.10","275.75","275.30","276.15","274.91","427.55","252.65",3233802,"888,990,495.20",27448
"01-Jul-2019","EQ","278.55","281.80","273.85","276.60","274.80","275.75","277.05","427.55","252.65",3935030,"1,090,198,403.75",35224
"27-Jun-2019","EQ","276.95","280.80","275.55","277.15","277.65","277.35","278.01","427.55","252.65",7806500,"2,170,260,038.85",60292
"26-Jun-2019","EQ","263.60","277.80","263.35","267.05","277.80","277.15","271.01","427.55","252.65",6924967,"1,876,761,336.35",50994
"25-Jun-2019","EQ","254.40","268.30","252.65","257.80","266.00","267.05","262.54","427.55","252.65",9616552,"2,524,765,561.65",69739
"24-Jun-2019","EQ","267.00","268.50","257.10","267.15","258.10","257.80","261.20","427.55","254.90",5807872,"1,517,032,942.25",46740
"21-Jun-2019","EQ","265.95","268.95","264.25","269.25","267.80","267.15","266.85","427.55","254.90",6144176,"1,639,599,016.20",51329
"20-Jun-2019","EQ","261.00","270.00","258.25","260.55","269.55","269.25","264.97","427.55","254.90",5160169,"1,367,275,049.05",40250
"19-Jun-2019","EQ","264.00","267.65","256.00","263.55","262.00","260.55","262.16","427.55","254.90",7432697,"1,948,578,569.50",56145
"18-Jun-2019","EQ","261.00","265.00","254.90","260.20","264.00","263.55","260.87","427.55","254.90",6059478,"1,580,734,850.00",60489
"17-Jun-2019","EQ","271.00","271.00","259.00","271.25","261.00","260.20","262.16","427.55","256.60",8505525,"2,229,797,591.30",56783
"14-Jun-2019","EQ","272.10","275.40","267.60","274.35","268.75","271.25","273.03","427.55","256.60",4349503,"1,187,560,877.10",31102
"13-Jun-2019","EQ","272.00","275.00","265.65","271.25","274.00","274.35","271.67","427.55","256.60",5646873,"1,534,080,757.35",37000
"12-Jun-2019","EQ","274.45","277.30","270.25","273.35","271.20","271.25","274.06","427.55","256.60",7380929,"2,022,832,232.50",46539
"11-Jun-2019","EQ","268.00","274.50","265.30","266.85","273.90","273.35","270.42","427.55","256.60",4208927,"1,138,161,259.05",36992
"10-Jun-2019","EQ","264.40","267.90","262.35","262.40","266.90","266.85","265.22","427.55","256.60",3704937,"982,636,784.30",35540
"07-Jun-2019","EQ","267.00","270.00","261.60","266.70","262.10","262.40","266.00","427.55","256.60",5599533,"1,489,501,328.25",42942
"06-Jun-2019","EQ","274.90","274.90","265.30","274.20","267.60","266.70","270.07","427.55","256.60",5090763,"1,374,884,106.10",59349
"04-Jun-2019","EQ","274.00","276.00","272.40","274.55","273.90","274.20","274.64","427.55","256.60",4512003,"1,239,154,143.30",34065
"03-Jun-2019","EQ","273.00","276.10","269.15","271.70","274.40","274.55","273.76","427.55","256.60",6265379,"1,715,232,192.45",41207
"31-May-2019","EQ","278.25","279.80","269.60","276.60","271.00","271.70","273.86","427.55","256.60",7316925,"2,003,835,848.35",50618
"30-May-2019","EQ","281.00","283.25","275.10","280.55","277.25","276.60","278.79","427.55","256.60",7941828,"2,214,096,866.75",52662
"29-May-2019","EQ","292.00","295.70","279.70","292.95","279.95","280.55","285.95","427.55","256.60",7940056,"2,270,497,656.75",56371
"28-May-2019","EQ","287.75","297.50","286.75","287.75","292.40","292.95","293.54","427.55","256.60",10338894,"3,034,829,206.55",86244
"27-May-2019","EQ","281.00","289.30","277.05","288.00","286.50","287.75","285.12","427.55","256.60",9081309,"2,589,226,841.70",61036
"23-May-2019","EQ","284.00","289.90","274.50","276.95","275.00","275.95","282.10","427.55","256.60",5355880,"1,510,911,354.35",43345
"22-May-2019","EQ","280.40","281.25","272.30","279.40","276.70","276.95","276.65","427.55","256.60",5052534,"1,397,769,730.70",49172
"21-May-2019","EQ","284.85","286.50","277.50","285.50","279.00","279.40","280.79","427.55","256.60",4196280,"1,178,291,598.55",29473
"20-May-2019","EQ","283.10","293.65","280.80","276.40","285.25","285.50","286.48","427.55","256.60",5009313,"1,435,066,597.70",35319
"17-May-2019","EQ","275.45","277.70","271.55","275.95","275.50","276.40","274.23","427.55","256.60",3064045,"840,258,320.35",25994
"16-May-2019","EQ","270.00","277.45","268.50","268.50","275.50","275.95","273.37","427.55","256.60",4697435,"1,284,115,751.10",45236
"15-May-2019","EQ","281.00","281.70","266.95","281.00","267.00","268.50","274.87","427.55","256.60",6212125,"1,707,543,707.80",51259
"14-May-2019","EQ","275.00","282.95","272.45","276.90","281.50","281.00","277.86","427.55","256.60",5277444,"1,466,408,232.60",39819
"13-May-2019","EQ","286.00","286.90","273.45","287.35","274.80","276.90","282.46","427.55","256.60",4291656,"1,212,204,230.10",30109
"10-May-2019","EQ","286.00","289.30","283.00","285.45","285.55","287.35","286.26","427.55","256.60",7076251,"2,025,650,155.90",56076
"09-May-2019","EQ","288.00","290.50","280.35","289.25","284.50","285.45","285.12","427.55","256.60",7620385,"2,172,699,379.30",49873
"08-May-2019","EQ","286.45","292.80","285.00","288.10","288.65","289.25","290.01","427.55","256.60",7900967,"2,291,350,420.95",76534
"07-May-2019","EQ","301.00","302.20","287.00","296.70","287.85","288.10","295.27","427.55","256.60",6762525,"1,996,758,503.45",51264
"06-May-2019","EQ","301.00","302.40","295.00","308.85","296.35","296.70","298.30","427.55","256.60",7433027,"2,217,271,981.35",74289
"03-May-2019","EQ","308.00","310.45","305.10","306.65","308.90","308.85","308.28","427.55","256.60",5705828,"1,758,994,843.85",50060
"02-May-2019","EQ","309.05","314.00","303.50","308.35","307.15","306.65","308.49","427.55","256.60",10375665,"3,200,834,291.10",79070
"30-Apr-2019","EQ","294.50","309.90","290.85","294.00","309.90","308.35","302.33","427.55","256.60",12707875,"3,841,982,675.25",96055
"26-Apr-2019","EQ","288.50","299.00","286.10","286.60","294.00","294.00","293.00","427.55","256.60",11729751,"3,436,823,944.10",101146
"25-Apr-2019","EQ","291.50","294.50","285.50","292.35","286.70","286.60","290.13","427.55","256.60",4132700,"1,199,012,172.75",34628
"24-Apr-2019","EQ","289.25","293.00","286.40","288.30","292.40","292.35","289.79","427.55","256.60",4200919,"1,217,370,489.95",35003
"23-Apr-2019","EQ","293.05","294.60","287.30","291.25","287.70","288.30","290.76","427.55","256.60",3648863,"1,060,927,705.55",31302
"22-Apr-2019","EQ","298.70","302.45","289.25","299.15","291.50","291.25","296.59","427.55","256.60",6083105,"1,804,180,331.95",50960
"18-Apr-2019","EQ","291.20","301.30","286.50","291.20","299.60","299.15","293.93","427.55","256.60",7668228,"2,253,951,942.15",55802
"16-Apr-2019","EQ","294.00","294.85","290.35","292.15","291.00","291.20","292.18","427.55","256.60",4394114,"1,283,871,633.20",49165
"15-Apr-2019","EQ","288.00","293.80","287.20","286.85","291.95","292.15","291.32","427.55","256.60",4009776,"1,168,138,409.95",32728
"12-Apr-2019","EQ","287.00","288.45","285.00","287.00","286.10","286.85","286.80","427.55","256.60",2486341,"713,072,666.50",20918
"11-Apr-2019","EQ","288.00","289.70","285.05","288.55","287.00","287.00","286.76","427.55","256.60",3147541,"902,583,366.40",27910
"10-Apr-2019","EQ","290.20","293.75","287.30","291.55","288.00","288.55","290.23","427.55","256.60",5316890,"1,543,119,767.85",49288
"09-Apr-2019","EQ","290.95","293.00","285.65","290.40","292.00","291.55","288.99","427.55","256.60",3725301,"1,076,587,604.35",42195
"08-Apr-2019","EQ","297.00","298.65","289.00","294.25","290.60","290.40","294.01","427.55","256.60",5645872,"1,659,944,489.35",43482
"05-Apr-2019","EQ","288.45","295.75","288.10","287.80","295.35","294.25","292.48","427.55","256.60",5310432,"1,553,204,148.50",40298
"04-Apr-2019","EQ","289.85","290.30","285.20","289.90","288.65","287.80","287.71","427.55","256.60",4338250,"1,248,145,178.65",36273
"03-Apr-2019","EQ","290.00","294.50","288.50","287.10","289.00","289.90","291.85","427.55","256.60",6899752,"2,013,704,601.20",46668
"02-Apr-2019","EQ","295.75","295.75","285.50","292.30","287.35","287.10","289.91","427.55","256.60",7105140,"2,059,823,300.15",55765
"01-Apr-2019","EQ","297.45","300.00","290.50","293.05","292.30","292.30","296.61","427.55","256.60",7766553,"2,303,640,606.45",66251
"29-Mar-2019","EQ","290.30","297.95","288.75","288.25","292.90","293.05","295.12","427.55","256.60",8338652,"2,460,864,647.00",68734
"28-Mar-2019","EQ","286.00","290.00","284.00","287.50","286.85","288.25","288.05","427.55","256.60",21745652,"6,263,861,386.80",50048
"27-Mar-2019","EQ","283.00","289.25","281.50","281.35","286.15","287.50","286.51","427.55","256.60",6490731,"1,859,691,625.80",39777
"26-Mar-2019","EQ","277.95","282.40","276.50","278.80","282.40","281.35","279.46","427.55","256.60",6247666,"1,745,972,060.25",35322
"25-Mar-2019","EQ","282.00","282.00","276.00","285.75","276.95","278.80","279.32","427.55","256.60",6778846,"1,893,483,679.80",45899
"22-Mar-2019","EQ","284.80","289.55","283.00","282.30","285.00","285.75","286.71","427.55","256.60",7325504,"2,100,317,791.50",50604
"20-Mar-2019","EQ","290.00","290.00","281.05","288.50","282.50","282.30","285.37","427.55","256.60",9165038,"2,615,434,612.65",60684
"19-Mar-2019","EQ","296.10","296.75","287.35","294.95","288.20","288.50","290.78","427.55","256.60",7444759,"2,164,814,366.60",61462
"18-Mar-2019","EQ","290.00","296.00","286.55","288.45","295.45","294.95","291.80","427.55","256.60",7431744,"2,168,593,875.20",48175
"15-Mar-2019","EQ","287.40","291.25","285.30","286.90","287.50","288.45","288.25","427.55","256.60",7053371,"2,033,139,596.60",39834
"14-Mar-2019","EQ","286.35","289.80","284.00","286.25","286.15","286.90","286.44","427.55","256.60",5351600,"1,532,929,082.50",36149
"13-Mar-2019","EQ","290.00","290.40","282.10","291.80","286.00","286.25","285.76","427.55","256.60",9122437,"2,606,819,711.20",56346
"12-Mar-2019","EQ","294.05","298.00","290.05","292.65","290.10","291.80","293.61","427.55","256.60",8891811,"2,610,727,977.20",61417
"11-Mar-2019","EQ","289.40","294.65","287.15","286.40","293.80","292.65","290.91","427.55","256.60",7863518,"2,287,580,277.55",56342
"08-Mar-2019","EQ","288.20","289.40","284.20","289.70","287.40","286.40","286.27","427.55","256.60",5961633,"1,706,607,027.70",39069
"07-Mar-2019","EQ","290.40","294.00","285.40","289.95","289.95","289.70","289.97","427.55","256.60",7010707,"2,032,890,176.20",63141
"06-Mar-2019","EQ","292.70","294.00","286.75","291.20","288.90","289.95","290.50","427.55","256.60",6718322,"1,951,700,399.05",48125
"05-Mar-2019","EQ","284.95","292.10","282.00","282.10","290.65","291.20","287.77","427.55","256.60",11469935,"3,300,703,378.45",105306
"01-Mar-2019","EQ","284.40","285.10","280.70","281.10","282.15","282.10","282.72","427.55","256.60",7362711,"2,081,622,048.70",72281
"28-Feb-2019","EQ","285.50","290.00","279.80","284.00","281.20","281.10","283.63","427.55","256.60",9337518,"2,648,438,161.20",74148
"27-Feb-2019","EQ","287.40","291.45","282.00","284.50","284.30","284.00","286.36","427.55","256.60",7076524,"2,026,416,735.55",59118
"26-Feb-2019","EQ","279.00","286.80","277.10","287.80","284.55","284.50","282.84","427.55","256.60",8622676,"2,438,821,468.35",78828
"25-Feb-2019","EQ","286.35","293.80","286.35","285.85","288.00","287.80","289.87","427.55","256.60",12551599,"3,638,369,027.95",104774
"22-Feb-2019","EQ","276.00","286.80","271.80","277.05","286.00","285.85","280.03","427.55","256.60",10779149,"3,018,498,908.80",89081
"21-Feb-2019","EQ","276.00","279.00","273.40","274.05","277.30","277.05","276.78","427.55","256.60",8238650,"2,280,319,514.40",72136
"20-Feb-2019","EQ","267.85","276.20","267.50","266.85","275.50","274.05","272.20","427.55","256.60",10302096,"2,804,219,426.00",81657
"18-Feb-2019","EQ","268.00","269.95","261.00","266.90","261.20","261.90","265.40","427.55","256.60",6612006,"1,754,801,084.65",56363
"15-Feb-2019","EQ","279.95","279.95","265.45","280.65","266.65","266.90","269.69","427.55","256.60",10241930,"2,762,170,649.05",95575
"14-Feb-2019","EQ","269.40","282.50","264.05","271.20","281.10","280.65","271.69","427.55","256.60",9767547,"2,653,736,921.60",99339
"13-Feb-2019","EQ","273.40","276.40","269.10","271.75","269.80","271.20","272.62","427.55","256.60",8985786,"2,449,720,290.65",72151
"12-Feb-2019","EQ","261.55","274.50","257.50","261.60","272.00","271.75","268.41","427.55","256.60",12748459,"3,421,868,771.55",91311
"11-Feb-2019","EQ","264.00","266.00","256.60","262.85","263.30","261.60","260.98","427.55","256.60",5228180,"1,364,433,345.40",45611
"08-Feb-2019","EQ","271.60","273.00","260.35","273.10","264.30","262.85","266.10","427.55","260.35",5765740,"1,534,273,674.85",47341
"07-Feb-2019","EQ","278.00","281.40","272.00","279.30","272.75","273.10","274.47","427.55","262.20",6252085,"1,716,001,078.10",59617
"06-Feb-2019","EQ","274.40","282.90","271.50","273.55","279.50","279.30","276.71","427.55","262.20",5746435,"1,590,080,884.10",53453
"05-Feb-2019","EQ","272.00","277.65","270.65","273.50","273.30","273.55","273.95","427.55","262.20",4726380,"1,294,784,889.10",42577
"04-Feb-2019","EQ","275.45","276.45","267.65","274.95","272.00","273.50","271.50","427.55","262.20",4804512,"1,304,439,649.95",57074
"01-Feb-2019","EQ","274.25","280.00","266.65","274.60","274.50","274.95","272.14","427.55","262.20",6496209,"1,767,893,511.95",58451
"31-Jan-2019","EQ","271.00","275.85","266.60","268.90","275.00","274.60","271.41","427.55","262.20",4666551,"1,266,541,133.10",45657
"30-Jan-2019","EQ","271.50","273.45","262.20","270.95","269.00","268.90","266.98","427.55","262.20",6941276,"1,853,160,958.60",79935
"29-Jan-2019","EQ","267.55","273.00","265.25","267.75","271.40","270.95","270.30","427.55","263.05",4113613,"1,111,897,688.75",64556
"28-Jan-2019","EQ","274.00","274.25","263.05","274.65","268.20","267.75","267.66","427.55","263.05",4518237,"1,209,361,164.70",48670
"25-Jan-2019","EQ","284.60","285.50","273.25","283.65","274.45","274.65","278.90","427.55","265.60",5191436,"1,447,894,749.65",44137
"24-Jan-2019","EQ","281.50","284.40","276.50","280.90","284.00","283.65","280.38","427.55","265.60",3705336,"1,038,892,036.80",34419
"23-Jan-2019","EQ","278.00","284.90","277.20","278.00","280.45","280.90","282.15","427.55","265.60",4489030,"1,266,589,514.35",44914
"22-Jan-2019","EQ","284.00","284.60","274.55","284.60","277.50","278.00","278.17","427.55","265.60",5006219,"1,392,582,811.55",49315
"21-Jan-2019","EQ","285.90","288.95","283.95","285.60","284.40","284.60","285.91","427.55","265.60",2854706,"816,177,868.15",22627
"18-Jan-2019","EQ","288.35","291.85","283.25","289.00","285.15","285.60","288.05","427.55","265.60",4210472,"1,212,847,178.75",47788
"17-Jan-2019","EQ","287.50","290.55","285.80","286.45","287.10","289.00","288.21","427.55","265.60",4817690,"1,388,516,783.25",47324
"16-Jan-2019","EQ","292.05","293.25","285.35","292.10","286.35","286.45","288.80","427.55","265.60",3752082,"1,083,596,259.75",35951
"15-Jan-2019","EQ","285.00","293.00","282.30","283.90","291.50","292.10","287.26","427.55","265.60",6557577,"1,883,760,304.25",47955
"14-Jan-2019","EQ","288.45","288.45","282.05","288.80","283.90","283.90","283.97","427.55","265.60",3756403,"1,066,703,556.55",32983
"11-Jan-2019","EQ","289.75","294.15","286.45","289.30","288.45","288.80","290.81","427.55","265.60",4483554,"1,303,846,292.70",44840
"10-Jan-2019","EQ","290.00","292.70","287.65","290.75","289.30","289.30","290.09","427.55","265.60",4352095,"1,262,511,091.05",39606
"09-Jan-2019","EQ","295.00","296.80","286.55","293.90","290.55","290.75","291.18","427.55","265.60",5848215,"1,702,861,883.35",74454
"08-Jan-2019","EQ","290.10","295.85","288.10","289.85","293.45","293.90","293.18","427.55","265.60",4528899,"1,327,793,666.45",53435
"07-Jan-2019","EQ","292.30","295.25","288.15","287.95","289.80","289.85","291.91","427.55","265.60",7041362,"2,055,463,341.55",43302
"04-Jan-2019","EQ","281.90","289.45","280.70","282.65","289.40","287.95","284.46","427.55","261.70",6070751,"1,726,877,726.20",56419
"03-Jan-2019","EQ","287.50","290.60","280.30","288.70","282.70","282.65","285.02","427.55","261.70",10003388,"2,851,191,436.80",88637
"02-Jan-2019","EQ","296.05","297.95","286.60","303.95","287.40","288.70","292.58","427.55","261.70",8855139,"2,590,840,545.55",68131
"01-Jan-2019","EQ","308.90","308.90","302.50","306.75","303.35","303.95","304.30","427.55","261.70",3622654,"1,102,380,158.65",26579
"31-Dec-2018","EQ","300.10","307.90","300.10","298.10","307.50","306.75","305.12","427.55","261.70",7167399,"2,186,937,445.40",58464
"28-Dec-2018","EQ","294.40","300.60","294.40","292.95","298.00","298.10","298.42","427.55","261.70",3519635,"1,050,330,582.45",31733
"27-Dec-2018","EQ","299.50","300.65","292.10","296.30","293.10","292.95","295.12","427.55","261.70",5160751,"1,523,026,585.15",44359
"26-Dec-2018","EQ","290.55","297.00","288.10","292.20","297.00","296.30","292.60","427.55","261.70",5649890,"1,653,172,433.65",57957
"24-Dec-2018","EQ","308.00","308.50","291.00","308.00","292.10","292.20","296.76","427.55","261.70",7202626,"2,137,473,776.90",71432
"21-Dec-2018","EQ","309.00","312.70","305.85","308.70","307.30","308.00","308.81","427.55","243.40",6808600,"2,102,574,476.50",51124
"20-Dec-2018","EQ","309.00","310.80","306.20","311.00","309.00","308.70","308.46","427.55","243.40",5637742,"1,739,005,629.00",38200
"19-Dec-2018","EQ","308.00","312.35","304.40","305.45","309.50","311.00","308.71","427.55","243.40",5813820,"1,794,771,783.45",55430
"18-Dec-2018","EQ","299.10","306.70","298.10","299.85","306.70","305.45","303.03","427.55","243.40",6638364,"2,011,601,996.60",59740
"17-Dec-2018","EQ","294.90","300.50","294.05","293.10","299.60","299.85","297.62","427.55","243.40",4379498,"1,303,444,969.20",41942
"14-Dec-2018","EQ","297.00","300.85","291.15","298.05","292.90","293.10","295.62","427.55","237.60",5963531,"1,762,931,414.65",60990
"13-Dec-2018","EQ","305.70","306.70","295.50","302.45","297.50","298.05","301.76","427.55","237.60",5434548,"1,639,927,164.15",57356
"12-Dec-2018","EQ","303.40","307.50","299.45","300.95","302.60","302.45","303.29","427.55","237.60",7403789,"2,245,485,941.65",60776
"11-Dec-2018","EQ","287.90","303.15","286.30","294.10","301.70","300.95","295.91","427.55","237.60",4328659,"1,280,904,840.90",61887
"10-Dec-2018","EQ","294.50","299.70","292.35","302.40","292.50","294.10","296.37","427.55","237.60",3612157,"1,070,528,102.50",40225
"07-Dec-2018","EQ","306.10","308.20","298.25","305.40","301.45","302.40","302.49","427.55","237.60",4667020,"1,411,748,559.05",53242
"06-Dec-2018","EQ","299.00","307.60","294.20","304.35","306.00","305.40","302.11","427.55","237.60",7026331,"2,122,704,372.45",71696
"05-Dec-2018","EQ","310.00","311.00","302.25","313.30","304.20","304.35","305.54","427.55","237.60",4291892,"1,311,352,609.25",49938
"04-Dec-2018","EQ","314.30","318.40","311.40","314.90","312.80","313.30","314.76","427.55","237.60",4089384,"1,287,169,886.25",47057
"03-Dec-2018","EQ","320.05","325.00","313.50","314.25","316.10","314.90","318.60","427.55","237.60",6549046,"2,086,499,129.05",73597
"30-Nov-2018","EQ","318.60","322.80","313.45","317.45","315.00","314.25","316.79","427.55","237.60",5161526,"1,635,106,583.95",70116
"29-Nov-2018","EQ","312.65","319.50","308.70","308.85","318.60","317.45","313.83","427.55","237.60",6047477,"1,897,877,088.05",65747
"28-Nov-2018","EQ","312.40","314.75","306.20","311.20","308.05","308.85","310.05","427.55","237.60",7306426,"2,265,342,117.75",61984
"27-Nov-2018","EQ","313.15","316.80","299.50","317.60","312.40","311.20","307.61","427.55","237.60",16785515,"5,163,416,488.15",136155
"26-Nov-2018","EQ","320.65","323.50","311.75","319.90","319.65","317.60","316.61","427.55","237.60",4603622,"1,457,542,126.55",43333
"22-Nov-2018","EQ","326.00","327.75","318.15","326.05","320.70","319.90","322.27","427.55","237.60",3648659,"1,175,842,980.75",43614
"21-Nov-2018","EQ","327.00","329.40","322.60","328.25","326.55","326.05","326.21","427.55","237.60",4004112,"1,306,198,340.75",57548
"20-Nov-2018","EQ","334.00","334.25","327.00","336.65","328.25","328.25","329.76","427.55","237.60",3954871,"1,304,141,373.60",64538
"19-Nov-2018","EQ","336.70","339.55","333.20","335.10","336.25","336.65","336.35","427.55","237.60",3202842,"1,077,282,075.20",53253
"16-Nov-2018","EQ","344.10","344.25","332.20","344.60","335.50","335.10","336.78","427.55","237.60",3306643,"1,113,602,675.30",44983
"15-Nov-2018","EQ","340.00","345.90","338.05","339.60","343.80","344.60","342.18","427.55","237.60",3192589,"1,092,434,974.45",44142
"14-Nov-2018","EQ","351.00","353.75","337.25","348.10","338.25","339.60","344.51","427.55","237.60",3540077,"1,219,604,706.30",36853
"13-Nov-2018","EQ","344.00","349.00","342.40","344.55","347.95","348.10","346.30","427.55","237.60",2384372,"825,703,903.20",30230
"12-Nov-2018","EQ","346.45","354.35","343.05","347.50","343.85","344.55","348.67","427.55","237.60",3905755,"1,361,818,656.05",42481
"09-Nov-2018","EQ","352.00","352.00","342.50","351.65","346.70","347.50","346.05","427.55","237.60",3642253,"1,260,407,780.50",58518
"07-Nov-2018","EQ","353.55","354.85","350.50","350.75","352.00","351.65","352.12","427.55","237.60",295363,"104,003,171.35",3436
"06-Nov-2018","EQ","356.00","359.40","347.60","353.65","349.00","350.75","352.12","427.55","237.60",3180370,"1,119,879,721.20",36132
"05-Nov-2018","EQ","351.90","359.90","346.55","352.80","354.00","353.65","353.30","427.55","237.60",3683598,"1,301,402,296.80",60063
"02-Nov-2018","EQ","346.20","357.00","345.10","342.75","352.60","352.80","352.47","427.55","237.60",4287077,"1,511,083,570.90",44159
"01-Nov-2018","EQ","340.60","346.50","338.05","339.40","344.20","342.75","342.96","427.55","237.60",3486300,"1,195,660,645.15",36051
"31-Oct-2018","EQ","336.95","341.90","326.50","335.80","338.80","339.40","334.84","427.55","237.60",4571617,"1,530,762,894.75",63249
"30-Oct-2018","EQ","338.30","341.80","333.60","340.00","335.05","335.80","337.28","427.55","237.60",3197919,"1,078,600,104.95",38523
"29-Oct-2018","EQ","338.00","341.25","329.20","337.45","338.30","340.00","335.31","427.55","237.60",4778923,"1,602,415,531.50",53539
"26-Oct-2018","EQ","355.80","355.95","333.05","353.40","334.50","337.45","341.67","427.55","237.60",7853276,"2,683,255,410.95",75235
"25-Oct-2018","EQ","349.00","355.20","343.50","351.95","354.05","353.40","349.93","427.55","237.60",4891650,"1,711,726,374.05",51615
"24-Oct-2018","EQ","351.05","354.15","345.55","347.50","353.60","351.95","349.11","427.55","237.60",3260414,"1,138,255,213.90",39737
"23-Oct-2018","EQ","353.80","355.85","343.25","355.10","348.00","347.50","349.29","427.55","237.60",4807256,"1,679,104,766.90",47060
"22-Oct-2018","EQ","367.00","368.85","353.30","363.50","354.95","355.10","358.53","427.55","237.60",5271275,"1,889,933,208.60",40247
"19-Oct-2018","EQ","357.75","370.45","354.60","361.65","363.50","363.50","362.94","427.55","237.60",6479303,"2,351,566,932.40",66927
"17-Oct-2018","EQ","376.90","378.45","359.15","373.60","362.60","361.65","368.92","427.55","237.60",4061725,"1,498,461,393.55",47738
"16-Oct-2018","EQ","377.00","385.20","369.10","376.80","372.25","373.60","378.45","427.55","237.60",5508232,"2,084,571,193.60",38223
"15-Oct-2018","EQ","380.65","381.10","372.60","379.70","376.10","376.80","376.98","427.55","237.60",2563605,"966,436,928.50",27088
"12-Oct-2018","EQ","365.00","381.25","363.35","361.70","379.85","379.70","374.21","427.55","237.60",4970667,"1,860,067,122.50",51595
"11-Oct-2018","EQ","370.00","372.75","354.85","376.80","360.90","361.70","363.68","427.55","237.60",6973280,"2,536,044,389.75",99550
"10-Oct-2018","EQ","372.00","382.75","371.40","371.40","376.40","376.80","376.46","427.55","237.60",4070161,"1,532,261,591.00",35333
"09-Oct-2018","EQ","379.50","381.80","363.75","376.25","370.00","371.40","371.66","427.55","237.60",7572243,"2,814,305,019.45",55580
"08-Oct-2018","EQ","366.00","381.80","357.10","366.60","379.00","376.25","368.94","427.55","237.60",7787200,"2,872,993,916.80",66394
"05-Oct-2018","EQ","375.00","379.15","360.40","377.60","362.00","366.60","370.24","427.55","237.60",7170165,"2,654,713,897.65",58070
"04-Oct-2018","EQ","377.90","386.50","373.30","383.40","375.05","377.60","379.35","427.55","237.60",7084897,"2,687,682,512.45",47603
"03-Oct-2018","EQ","380.00","387.50","376.65","380.85","381.90","383.40","382.49","427.55","237.60",7436585,"2,844,416,938.00",61049
"01-Oct-2018","EQ","375.00","386.85","371.10","381.65","380.90","380.85","379.80","427.55","237.60",8910012,"3,383,989,205.50",64743
"28-Sep-2018","EQ","403.85","407.95","374.20","400.30","380.00","381.65","385.84","427.55","229.50",13200294,"5,093,266,333.00",96491
"27-Sep-2018","EQ","409.85","412.50","395.80","408.10","402.60","400.30","402.20","427.55","229.50",25412558,"10,220,877,783.20",84380
"26-Sep-2018","EQ","407.00","411.75","401.00","403.65","408.35","408.10","406.59","427.55","229.50",3317487,"1,348,850,889.00",35446
"25-Sep-2018","EQ","398.00","407.00","389.00","400.45","407.00","403.65","398.37","427.55","229.50",6963000,"2,773,827,004.40",48581
"24-Sep-2018","EQ","414.00","414.00","397.10","408.00","399.40","400.45","405.61","427.55","229.50",7568416,"3,069,847,113.35",61576
"21-Sep-2018","EQ","420.25","427.55","389.30","417.05","408.05","408.00","412.92","427.55","229.50",10218645,"4,219,440,545.40",89089
"19-Sep-2018","EQ","410.10","423.75","410.10","407.15","417.60","417.05","418.09","423.75","229.50",8654507,"3,618,354,194.30",88411
"18-Sep-2018","EQ","412.75","415.70","404.70","411.85","408.20","407.15","411.47","416.40","229.50",5226145,"2,150,409,977.20",46954
"17-Sep-2018","EQ","407.00","416.40","403.15","408.10","411.00","411.85","411.72","416.40","229.50",6327429,"2,605,147,824.70",68133
"14-Sep-2018","EQ","402.20","412.35","402.20","399.75","407.95","408.10","408.23","414.95","229.50",6622300,"2,703,391,040.20",75421
"12-Sep-2018","EQ","395.10","400.90","388.05","395.20","400.00","399.75","394.60","414.95","229.50",6287959,"2,481,254,159.60",67734
"11-Sep-2018","EQ","403.90","403.90","392.35","401.20","394.05","395.20","398.58","414.95","229.50",7125022,"2,839,891,884.05",66579
"10-Sep-2018","EQ","411.40","414.95","399.00","406.60","399.95","401.20","407.30","414.95","229.50",8882946,"3,618,024,633.65",97771
"07-Sep-2018","EQ","398.75","409.90","395.00","398.80","406.55","406.60","403.38","409.90","229.50",7367573,"2,971,947,450.45",78165
"06-Sep-2018","EQ","404.00","404.10","396.05","398.35","398.10","398.80","399.56","408.80","229.50",5215140,"2,083,749,223.60",65413
"05-Sep-2018","EQ","387.00","401.75","387.00","390.85","399.55","398.35","393.92","408.80","229.50",7677886,"3,024,437,453.65",95091
"04-Sep-2018","EQ","399.60","399.60","386.50","397.00","392.40","390.85","393.19","408.80","229.50",6611358,"2,599,533,342.80",54551
"03-Sep-2018","EQ","399.30","402.50","393.10","396.35","396.80","397.00","398.08","408.80","229.50",5615281,"2,235,324,842.90",54301
"31-Aug-2018","EQ","399.00","403.30","392.60","397.90","397.40","396.35","397.06","408.80","229.50",8642458,"3,431,547,909.50",85701
"30-Aug-2018","EQ","398.00","408.80","393.15","399.00","400.40","397.90","401.34","408.80","229.50",27089981,"10,872,250,031.95",195694
"29-Aug-2018","EQ","371.40","408.70","370.00","366.20","397.80","399.00","394.32","408.70","229.50",44445933,"17,526,122,170.65",351767
"28-Aug-2018","EQ","357.85","369.00","353.10","355.60","368.75","366.20","360.39","369.00","229.50",6122883,"2,206,626,793.15",67283
"27-Aug-2018","EQ","359.00","364.65","352.65","354.80","355.75","355.60","359.08","364.65","229.50",7420600,"2,664,578,487.20",80794
"24-Aug-2018","EQ","336.05","356.50","336.05","339.60","355.30","354.80","348.18","356.50","228.25",8301916,"2,890,539,645.70",81994
"23-Aug-2018","EQ","342.90","343.30","336.75","341.90","339.35","339.60","339.14","351.00","228.25",3317106,"1,124,974,287.85",57617
"21-Aug-2018","EQ","343.20","344.30","338.05","341.55","342.50","341.90","341.24","351.00","228.25",2781769,"949,257,666.75",30667
"20-Aug-2018","EQ","334.10","342.25","334.00","334.00","341.35","341.55","338.35","351.00","228.25",2968742,"1,004,480,497.50",40494
"17-Aug-2018","EQ","329.90","335.80","329.90","328.15","333.80","334.00","333.22","351.00","225.55",3729105,"1,242,623,351.95",40299
"16-Aug-2018","EQ","336.00","337.10","326.85","341.10","328.00","328.15","330.62","351.00","225.55",6092650,"2,014,366,911.10",63058
"14-Aug-2018","EQ","342.55","351.00","338.20","342.10","340.05","341.10","344.99","351.00","225.55",6297575,"2,172,579,610.55",38838
"13-Aug-2018","EQ","336.95","346.35","335.95","339.90","341.95","342.10","342.67","346.50","225.55",3893115,"1,334,068,757.35",35539
"10-Aug-2018","EQ","342.60","344.50","337.40","342.95","340.25","339.90","340.84","346.50","217.55",3088207,"1,052,588,666.75",26671
"09-Aug-2018","EQ","343.20","345.50","341.05","342.75","342.80","342.95","343.20","346.50","217.55",3272046,"1,122,959,701.60",45301
"08-Aug-2018","EQ","342.35","345.00","339.55","340.50","343.00","342.75","342.26","346.50","217.55",3791524,"1,297,685,990.10",49003
"07-Aug-2018","EQ","338.00","342.60","335.50","336.95","340.30","340.50","339.02","346.50","217.55",4702630,"1,594,275,953.30",33420
"06-Aug-2018","EQ","338.50","341.50","335.80","337.30","337.10","336.95","338.33","346.50","217.55",2536638,"858,223,885.55",22452
"03-Aug-2018","EQ","332.90","338.30","332.50","332.05","338.00","337.30","336.49","346.50","215.20",4714989,"1,586,526,182.30",51688
"02-Aug-2018","EQ","326.00","334.85","321.85","327.55","331.55","332.05","329.20","346.50","215.20",4410584,"1,451,954,313.45",78103
"01-Aug-2018","EQ","330.95","332.30","324.60","330.40","325.80","327.55","328.75","346.50","215.20",3557767,"1,169,624,914.75",38810
"31-Jul-2018","EQ","325.55","332.85","325.00","327.85","328.75","330.40","328.99","346.50","215.20",4863789,"1,600,151,690.70",52871
"30-Jul-2018","EQ","323.25","328.90","320.85","323.25","327.10","327.85","325.06","346.50","215.20",4368955,"1,420,186,252.50",44022
"27-Jul-2018","EQ","314.10","326.10","314.00","312.30","323.15","323.25","320.30","346.50","211.00",6865156,"2,198,880,681.25",68157
"26-Jul-2018","EQ","316.80","319.70","309.00","317.10","312.35","312.30","312.24","346.50","211.00",6607347,"2,063,090,280.80",66621
"25-Jul-2018","EQ","322.00","327.40","310.60","318.25","312.05","317.10","320.41","346.50","211.00",8497446,"2,722,695,618.05",71756
"24-Jul-2018","EQ","307.00","319.95","305.05","306.65","318.55","318.25","314.30","346.50","211.00",4677454,"1,470,145,600.55",49123
"23-Jul-2018","EQ","306.00","307.85","300.00","304.15","306.05","306.65","303.57","346.50","211.00",3849111,"1,168,469,139.70",38713
"20-Jul-2018","EQ","304.50","307.25","299.60","303.60","305.50","304.15","303.79","346.50","211.00",4643889,"1,410,787,163.05",46226
"19-Jul-2018","EQ","297.00","310.25","294.50","296.20","304.50","303.60","303.57","346.50","211.00",6510032,"1,976,236,016.40",47778
"18-Jul-2018","EQ","309.70","310.65","293.55","307.40","297.00","296.20","303.38","346.50","211.00",4530592,"1,374,496,591.75",66733
"17-Jul-2018","EQ","305.00","309.60","302.20","307.65","307.65","307.40","306.42","346.50","211.00",4813085,"1,474,828,389.85",56644
"16-Jul-2018","EQ","316.20","318.50","306.50","316.25","307.70","307.65","311.66","346.50","211.00",2316253,"721,889,600.95",26213
"13-Jul-2018","EQ","318.00","320.20","314.25","317.10","316.80","316.25","317.48","346.50","210.50",3079114,"977,554,163.85",43006
"12-Jul-2018","EQ","314.90","320.70","312.70","313.35","316.70","317.10","317.01","346.50","210.50",3468456,"1,099,526,377.15",39507
"11-Jul-2018","EQ","316.35","316.35","310.50","317.45","313.65","313.35","313.37","346.50","210.50",4560851,"1,429,224,508.45",37738
"10-Jul-2018","EQ","312.00","318.20","312.00","312.80","317.35","317.45","315.58","346.50","210.50",4072677,"1,285,251,076.15",35767
"09-Jul-2018","EQ","312.00","314.25","310.10","308.55","312.10","312.80","312.14","346.50","210.50",1833981,"572,454,666.70",26653
"06-Jul-2018","EQ","307.00","312.90","300.70","310.45","309.30","308.55","308.19","346.50","203.50",5087790,"1,567,990,622.15",50360
"05-Jul-2018","EQ","312.00","313.00","308.00","312.15","310.25","310.45","310.19","346.50","203.50",4048889,"1,255,930,217.85",42972
"04-Jul-2018","EQ","312.50","315.30","308.50","311.70","312.80","312.15","312.36","346.50","203.50",3838343,"1,198,946,388.50",35269
"03-Jul-2018","EQ","313.40","314.80","306.00","313.40","312.60","311.70","310.45","346.50","203.50",5355915,"1,662,727,037.00",65727
"02-Jul-2018","EQ","327.00","328.75","311.50","326.80","313.40","313.40","317.73","346.50","203.50",3579844,"1,137,406,277.05",51485
"29-Jun-2018","EQ","325.00","328.30","322.75","322.40","326.70","326.80","325.99","346.50","192.50",4176390,"1,361,466,947.05",54105
"28-Jun-2018","EQ","317.80","324.40","313.90","318.30","322.60","322.40","319.56","346.50","192.50",4474045,"1,429,744,426.10",65573
"27-Jun-2018","EQ","324.45","324.50","316.80","322.85","318.40","318.30","319.47","346.50","192.50",3615558,"1,155,051,874.10",57634
"26-Jun-2018","EQ","329.65","330.20","321.55","332.10","322.55","322.85","325.66","346.50","192.50",3431872,"1,117,631,846.35",46292
"25-Jun-2018","EQ","336.85","338.45","330.00","336.95","330.10","332.10","335.15","346.50","192.50",2725937,"913,585,465.60",52637
"22-Jun-2018","EQ","332.40","338.35","331.85","332.85","337.00","336.95","335.68","346.50","192.50",3641907,"1,222,525,309.65",69211
"21-Jun-2018","EQ","337.00","337.45","331.55","335.15","331.75","332.85","333.70","346.50","192.50",3111133,"1,038,196,844.25",47368
"20-Jun-2018","EQ","326.05","336.15","326.05","327.50","335.50","335.15","332.31","346.50","192.50",4389564,"1,458,713,618.00",63871
"19-Jun-2018","EQ","325.25","331.35","323.00","327.15","327.50","327.50","327.39","346.50","192.50",3902633,"1,277,680,385.65",62711
"18-Jun-2018","EQ","331.80","331.95","322.15","332.55","327.95","327.15","325.54","346.50","192.50",3093377,"1,007,025,568.40",26871
"15-Jun-2018","EQ","336.10","341.55","331.65","339.05","332.10","332.55","334.84","346.50","192.50",4407383,"1,475,757,669.35",75622
"14-Jun-2018","EQ","342.00","343.85","336.80","343.00","339.50","339.05","339.96","346.50","192.50",2262462,"769,154,465.30",27851
"13-Jun-2018","EQ","342.00","345.50","339.10","341.35","343.60","343.00","342.34","346.50","192.50",3827972,"1,310,467,115.60",31179
"12-Jun-2018","EQ","341.40","345.50","338.50","340.95","340.65","341.35","341.13","346.50","192.50",4463946,"1,522,781,642.55",35620
"11-Jun-2018","EQ","343.75","345.90","340.35","343.25","341.55","340.95","342.56","346.50","192.50",1886702,"646,309,771.40",21059
"08-Jun-2018","EQ","343.30","344.30","339.00","343.50","343.30","343.25","341.61","346.50","189.30",2138252,"730,437,941.60",28391
"07-Jun-2018","EQ","339.60","346.50","339.50","338.00","343.45","343.50","344.21","346.50","189.30",3295739,"1,134,430,628.85",50090
"06-Jun-2018","EQ","329.00","339.10","328.05","329.10","338.50","338.00","334.17","342.75","189.30",3148197,"1,052,026,539.50",59511
"05-Jun-2018","EQ","333.10","333.60","325.50","331.85","330.75","329.10","328.38","342.75","189.30",2804584,"920,978,125.65",44283
"04-Jun-2018","EQ","332.00","334.75","330.00","331.90","333.10","331.85","332.00","342.75","189.30",2301143,"763,969,142.30",27160
"01-Jun-2018","EQ","332.10","337.60","327.65","331.90","332.00","331.90","333.00","342.75","189.30",5033181,"1,676,029,724.65",71512
"31-May-2018","EQ","332.00","337.20","329.60","332.55","331.65","331.90","332.65","342.75","189.30",6771065,"2,252,366,628.55",87275
"30-May-2018","EQ","328.80","333.90","328.05","331.75","331.80","332.55","331.58","342.75","189.30",3841174,"1,273,665,334.70",49653
"29-May-2018","EQ","326.90","332.45","323.35","327.10","332.00","331.75","329.49","342.75","189.30",4898604,"1,614,051,085.75",56206
"28-May-2018","EQ","326.50","330.00","324.25","326.05","326.65","327.10","327.01","342.75","189.30",2162396,"707,134,586.00",14894
"25-May-2018","EQ","315.00","327.50","314.00","314.15","326.00","326.05","321.44","342.75","184.10",5183676,"1,666,219,953.10",59983
"24-May-2018","EQ","313.95","315.55","307.40","310.00","315.50","314.15","312.21","342.75","184.10",3276382,"1,022,926,496.40",31016
"23-May-2018","EQ","318.90","322.90","308.10","318.40","310.90","310.00","316.53","342.75","184.10",6090049,"1,927,703,169.30",58390
"22-May-2018","EQ","309.00","320.75","308.75","309.25","320.00","318.40","315.71","342.75","184.10",4072023,"1,285,596,313.25",52567
"21-May-2018","EQ","318.70","323.45","307.65","319.45","308.40","309.25","314.82","342.75","184.10",5132127,"1,615,680,336.30",49542
"18-May-2018","EQ","332.90","335.75","318.10","332.00","318.70","319.45","326.52","342.75","184.10",4676411,"1,526,957,316.40",36802
"17-May-2018","EQ","341.00","341.00","328.10","336.60","331.15","332.00","333.26","342.75","184.10",9191526,"3,063,144,817.30",69237
"16-May-2018","EQ","333.80","340.00","329.90","334.55","338.50","336.60","335.88","342.75","184.10",5178318,"1,739,274,055.35",60328
"15-May-2018","EQ","329.50","342.75","327.60","329.05","335.30","334.55","335.30","342.75","184.10",6620191,"2,219,739,833.15",54440
"14-May-2018","EQ","323.70","331.45","321.20","323.75","327.70","329.05","326.72","331.45","184.10",3103900,"1,014,102,560.70",21851
"11-May-2018","EQ","320.60","325.25","319.50","319.55","323.70","323.75","322.94","331.20","184.10",2208433,"713,185,544.05",18903
"10-May-2018","EQ","323.00","324.95","318.10","321.75","320.00","319.55","320.82","331.20","184.10",3185014,"1,021,821,651.50",22853
"09-May-2018","EQ","325.00","326.90","320.65","324.05","323.00","321.75","323.62","331.20","184.10",2987922,"966,940,098.75",33793
"08-May-2018","EQ","326.70","328.45","322.80","325.80","323.05","324.05","324.92","331.20","184.10",2779564,"903,139,645.30",31449
"07-May-2018","EQ","319.95","327.10","316.50","317.40","326.70","325.80","323.54","331.20","184.10",3285970,"1,063,152,590.65",39346
"04-May-2018","EQ","318.50","319.40","314.70","319.30","317.90","317.40","316.87","331.20","184.10",3147597,"997,382,576.65",26097
"03-May-2018","EQ","315.90","320.15","310.50","315.15","319.00","319.30","316.01","331.20","184.10",5122999,"1,618,899,461.75",39564
"02-May-2018","EQ","327.80","327.80","314.05","325.00","316.05","315.15","320.09","331.20","184.10",2136023,"683,716,230.35",19361
"30-Apr-2018","EQ","323.55","331.20","323.35","327.60","325.75","325.00","326.86","331.20","184.10",2847539,"930,740,023.20",25206
"27-Apr-2018","EQ","328.00","330.35","325.40","327.70","326.50","327.60","327.83","330.40","184.10",2704711,"886,680,897.40",39428
"26-Apr-2018","EQ","321.50","330.40","321.25","321.70","327.10","327.70","326.31","330.40","184.10",4602880,"1,501,946,868.90",36397
"25-Apr-2018","EQ","325.00","326.80","319.80","324.75","320.90","321.70","322.53","327.80","184.10",3081536,"993,891,664.45",22399
"24-Apr-2018","EQ","317.50","326.00","316.35","321.80","325.85","324.75","321.48","327.80","184.10",4078872,"1,311,276,612.15",36740
"23-Apr-2018","EQ","321.95","327.45","319.50","322.85","321.80","321.80","322.54","327.80","184.10",3113729,"1,004,299,285.45",29757
"20-Apr-2018","EQ","318.85","326.20","317.90","322.85","322.60","322.85","321.76","327.80","184.10",5243673,"1,687,186,509.15",35144
"19-Apr-2018","EQ","311.25","327.80","311.25","309.95","324.20","322.85","320.63","327.80","184.10",8395329,"2,691,785,979.40",58633
"18-Apr-2018","EQ","307.00","312.00","307.00","309.15","310.70","309.95","310.07","320.45","184.10",3234140,"1,002,808,717.45",24302
"17-Apr-2018","EQ","309.50","311.30","307.20","308.90","308.05","309.15","309.01","320.45","184.10",2788017,"861,537,498.50",26624
"16-Apr-2018","EQ","307.40","310.00","306.00","308.50","309.10","308.90","308.63","320.45","184.10",2741849,"846,208,451.80",29590
"13-Apr-2018","EQ","309.50","312.30","305.50","308.25","308.50","308.50","308.98","320.45","184.10",4046812,"1,250,382,982.90",38575
"12-Apr-2018","EQ","312.00","312.85","306.75","312.20","307.75","308.25","309.16","320.45","184.10",2993563,"925,484,823.30",26244
"11-Apr-2018","EQ","315.95","318.40","310.55","311.35","311.80","312.20","314.99","320.45","184.10",6847386,"2,156,870,064.60",54405
"10-Apr-2018","EQ","312.90","314.75","307.05","309.40","311.80","311.35","311.81","320.45","184.10",3478934,"1,084,770,634.35",31858
"09-Apr-2018","EQ","308.00","313.00","306.70","308.20","309.40","309.40","310.44","320.45","184.10",3191991,"990,925,242.10",28002
"06-Apr-2018","EQ","305.50","309.30","304.50","308.40","307.80","308.20","306.74","320.45","184.10",2787944,"855,166,475.70",18018
"05-Apr-2018","EQ","301.05","309.35","300.60","295.85","307.90","308.40","305.76","320.45","184.10",4210195,"1,287,328,774.60",34593
"04-Apr-2018","EQ","304.50","307.25","293.65","303.05","295.50","295.85","300.99","320.45","184.10",5561514,"1,673,952,272.75",40002
"03-Apr-2018","EQ","294.95","304.55","292.30","296.55","304.10","303.05","300.17","320.45","184.10",5214588,"1,565,247,245.55",48138
"02-Apr-2018","EQ","290.00","297.45","288.25","288.15","296.55","296.55","292.56","320.45","184.10",2582307,"755,476,098.05",32673
"28-Mar-2018","EQ","296.90","298.20","286.40","298.85","287.40","288.15","291.87","320.45","177.70",5122171,"1,494,991,875.55",36602
"27-Mar-2018","EQ","299.45","300.00","295.10","293.90","299.75","298.85","298.14","320.45","177.70",4209223,"1,254,955,606.95",34659
"26-Mar-2018","EQ","286.00","296.00","285.00","286.00","295.00","293.90","289.61","320.45","177.70",3302313,"956,391,542.45",37017
"23-Mar-2018","EQ","279.90","288.10","276.35","286.00","286.90","286.00","281.38","320.45","177.70",6571245,"1,849,029,389.10",33651
"22-Mar-2018","EQ","288.00","290.90","284.85","288.40","285.50","286.00","287.97","320.45","177.70",3731255,"1,074,491,007.30",37883
"21-Mar-2018","EQ","288.75","291.30","285.25","285.50","287.40","288.40","288.28","320.45","177.70",3943743,"1,136,918,264.65",29940
"20-Mar-2018","EQ","280.10","288.75","279.65","283.60","285.35","285.50","285.68","320.45","177.70",5586853,"1,596,066,938.15",44457
"19-Mar-2018","EQ","290.25","290.25","280.05","290.25","284.30","283.60","283.64","320.45","177.70",3716523,"1,054,169,111.05",21641
"16-Mar-2018","EQ","295.00","295.00","288.80","295.15","289.95","290.25","291.22","320.45","177.50",7106321,"2,069,528,359.70",55425
"15-Mar-2018","EQ","299.80","300.95","294.10","300.45","294.80","295.15","296.71","320.45","177.50",3721114,"1,104,098,570.40",30576
"14-Mar-2018","EQ","300.20","303.80","298.20","303.50","299.70","300.45","301.14","320.45","177.50",3032723,"913,288,994.80",22606
"13-Mar-2018","EQ","298.80","304.60","295.80","297.85","303.50","303.50","300.34","320.45","177.50",4161207,"1,249,787,517.40",36318
"12-Mar-2018","EQ","295.20","299.90","291.80","291.95","299.10","297.85","295.49","320.45","177.50",4186325,"1,237,013,734.70",32295
"09-Mar-2018","EQ","291.00","294.20","284.70","289.25","292.80","291.95","290.53","320.45","175.15",8084115,"2,348,699,967.40",40389
"08-Mar-2018","EQ","294.00","296.30","284.20","289.50","289.50","289.25","288.99","320.45","175.15",5748695,"1,661,307,446.90",36826
"07-Mar-2018","EQ","293.00","293.80","286.15","293.50","289.80","289.50","289.72","320.45","175.15",7208335,"2,088,420,772.75",41212
"06-Mar-2018","EQ","298.70","301.90","292.10","291.65","293.35","293.50","296.64","320.45","175.15",9755916,"2,893,973,893.35",73016
"05-Mar-2018","EQ","299.40","300.10","289.00","305.50","292.70","291.65","293.13","320.45","175.15",9282086,"2,720,879,363.05",73914
"01-Mar-2018","EQ","315.00","317.80","303.00","312.20","304.15","305.50","311.42","320.45","175.15",6417443,"1,998,548,229.40",43680
"28-Feb-2018","EQ","313.30","315.50","310.35","318.10","311.50","312.20","312.73","320.45","175.15",6391843,"1,998,895,651.20",51823
"27-Feb-2018","EQ","319.00","320.45","314.25","316.10","316.50","318.10","317.54","320.45","175.15",6081243,"1,931,045,740.20",47069
"26-Feb-2018","EQ","310.75","316.90","308.45","306.95","316.00","316.10","312.25","316.90","175.15",5314911,"1,659,594,154.25",37278
"23-Feb-2018","EQ","299.00","307.80","298.55","297.70","306.10","306.95","304.47","315.70","175.15",4641724,"1,413,262,373.45",43764
"22-Feb-2018","EQ","299.30","301.75","295.00","298.30","298.00","297.70","298.18","315.70","175.15",11882391,"3,543,125,821.00",65056
"21-Feb-2018","EQ","307.20","308.15","295.00","305.60","297.20","298.30","299.21","315.70","175.15",5947856,"1,779,676,225.65",66823
"20-Feb-2018","EQ","303.20","309.45","300.50","302.70","306.00","305.60","305.25","315.70","175.15",4940505,"1,508,108,982.50",41111
"19-Feb-2018","EQ","313.80","313.80","293.05","312.40","303.20","302.70","301.83","315.70","175.15",6238413,"1,882,909,950.80",51245
"16-Feb-2018","EQ","310.10","313.75","306.35","307.80","312.45","312.40","310.54","315.70","175.15",5742059,"1,783,118,515.85",37650
"15-Feb-2018","EQ","311.25","314.25","305.55","309.55","308.00","307.80","310.38","315.70","175.15",3695342,"1,146,969,546.40",34372
"14-Feb-2018","EQ","313.80","314.45","308.15","310.75","308.80","309.55","311.44","315.70","175.15",3992497,"1,243,420,837.05",43609
"12-Feb-2018","EQ","312.00","315.70","309.25","309.35","311.30","310.75","312.64","315.70","175.15",4120075,"1,288,115,437.85",35306
"09-Feb-2018","EQ","295.75","311.85","295.15","304.20","308.95","309.35","305.53","314.35","175.15",6726146,"2,055,016,674.90",60398
"08-Feb-2018","EQ","290.00","308.40","290.00","290.00","306.20","304.20","297.65","314.35","175.15",8028713,"2,389,707,677.70",53031
"07-Feb-2018","EQ","287.90","294.40","284.35","283.20","289.70","290.00","290.20","314.35","175.15",9691897,"2,812,623,279.40",69375
"06-Feb-2018","EQ","278.85","289.30","265.60","291.25","281.30","283.20","282.05","314.35","175.15",8006195,"2,258,175,079.95",89848
"05-Feb-2018","EQ","295.00","299.95","282.85","299.00","293.10","291.25","292.27","314.35","175.15",6863987,"2,006,171,367.60",59719
"02-Feb-2018","EQ","298.75","314.35","293.25","302.65","298.30","299.00","303.53","314.35","175.15",12354843,"3,750,082,359.80",96535
"01-Feb-2018","EQ","296.00","306.80","285.40","289.95","303.00","302.65","296.08","306.80","175.15",8031105,"2,377,827,332.85",63130
"31-Jan-2018","EQ","289.00","294.00","281.10","289.10","293.00","289.95","287.98","300.45","175.15",6604621,"1,901,983,612.70",57807
"30-Jan-2018","EQ","292.90","292.90","287.75","293.45","289.75","289.10","289.69","300.45","175.15",2152791,"623,639,043.05",15501
"29-Jan-2018","EQ","291.00","300.45","291.00","290.80","292.95","293.45","296.09","300.45","175.15",4673841,"1,383,859,864.45",31259
"25-Jan-2018","EQ","292.35","297.00","288.10","288.65","289.75","290.80","291.62","299.30","175.15",7330584,"2,137,717,090.70",35101
"24-Jan-2018","EQ","292.35","296.00","287.05","294.05","288.40","288.65","290.77","299.30","175.15",4037279,"1,173,926,123.45",40978
"23-Jan-2018","EQ","279.35","299.30","277.05","278.65","293.90","294.05","294.19","299.30","175.15",8672380,"2,551,334,552.95",69486
"22-Jan-2018","EQ","283.00","283.50","276.60","282.10","278.05","278.65","278.62","292.90","175.15",2143377,"597,187,610.25",17261
"19-Jan-2018","EQ","281.10","283.10","273.05","279.80","282.85","282.10","279.65","292.90","175.15",3291487,"920,452,317.40",28412
"18-Jan-2018","EQ","285.80","289.00","275.35","285.05","279.65","279.80","281.22","292.90","175.15",8128594,"2,285,910,045.00",39852
"17-Jan-2018","EQ","282.10","287.00","279.50","281.20","284.75","285.05","283.90","292.90","175.15",3574084,"1,014,676,900.15",25363
"16-Jan-2018","EQ","286.40","287.40","276.30","285.00","284.00","281.20","281.52","292.90","175.15",3107547,"874,833,175.90",25105
"15-Jan-2018","EQ","287.60","292.90","283.75","286.80","286.00","285.00","289.41","292.90","175.15",3602106,"1,042,485,059.50",24654
"12-Jan-2018","EQ","283.10","289.75","282.75","282.55","286.85","286.80","286.19","289.90","173.60",5118636,"1,464,922,683.60",33944
"11-Jan-2018","EQ","283.70","285.75","282.00","282.80","282.00","282.55","283.55","289.90","173.60",1757575,"498,366,424.55",17654
"10-Jan-2018","EQ","283.20","285.00","278.45","284.00","282.85","282.80","281.76","289.90","173.60",2748652,"774,453,817.90",27457
"09-Jan-2018","EQ","286.25","289.50","281.00","286.00","283.50","284.00","284.56","289.90","173.60",2281715,"649,294,612.20",21738
"08-Jan-2018","EQ","286.10","289.50","283.10","285.10","285.75","286.00","286.14","289.90","173.60",2686737,"768,795,395.25",26310
"05-Jan-2018","EQ","279.25","289.90","278.65","277.15","285.05","285.10","285.51","1,653.60","160.60",8325201,"2,376,895,245.05",63600
"04-Jan-2018","EQ","270.75","281.90","269.50","268.70","277.55","277.15","276.22","1,653.60","160.60",6281682,"1,735,099,579.10",46138
"03-Jan-2018","EQ","267.85","272.25","266.35","264.55","269.20","268.70","269.36","1,653.60","160.60",3279293,"883,297,270.00",32136
"02-Jan-2018","EQ","267.00","268.00","261.70","265.80","264.40","264.55","264.35","1,653.60","160.60",2277139,"601,964,407.75",15580
"01-Jan-2018","EQ","269.50","271.70","264.35","269.80","266.00","265.80","268.86","1,653.60","160.60",1261616,"339,197,686.05",10977
"29-Dec-2017","EQ","271.40","273.80","266.00","271.30","270.45","269.80","269.68","1,653.60","160.60",2003783,"540,385,858.40",18806
"28-Dec-2017","EQ","266.70","275.60","266.15","265.45","271.15","271.30","272.39","1,653.60","160.60",4716301,"1,284,694,410.85",29356
"27-Dec-2017","EQ","266.90","269.40","263.40","267.40","264.95","265.45","267.15","1,653.60","160.60",1503466,"401,645,408.10",16025
"26-Dec-2017","EQ","264.00","268.60","264.00","264.50","267.05","267.40","266.89","1,653.60","160.60",2428477,"648,124,935.30",25272
"22-Dec-2017","EQ","265.50","266.50","262.75","265.30","264.30","264.50","264.42","1,653.60","160.60",1765864,"466,929,554.40",20759
"21-Dec-2017","EQ","262.25","266.00","261.10","262.10","265.00","265.30","263.89","1,653.60","160.60",1328407,"350,555,847.45",13488
"20-Dec-2017","EQ","259.20","264.50","256.65","256.40","262.25","262.10","260.34","1,653.60","160.60",2462944,"641,196,211.45",28294
"19-Dec-2017","EQ","254.25","259.00","253.00","253.95","258.90","256.40","254.95","1,653.60","160.60",2145809,"547,082,853.85",19069
"18-Dec-2017","EQ","248.00","258.70","243.40","250.90","253.55","253.95","254.18","1,653.60","160.60",2938065,"746,787,953.15",21896
"15-Dec-2017","EQ","248.00","252.35","247.15","242.45","251.30","250.90","250.63","1,655.55","160.60",3492426,"875,297,398.45",47890
"14-Dec-2017","EQ","245.00","247.80","237.60","244.00","243.00","242.45","242.69","1,655.55","160.60",3263839,"792,109,866.35",27784
"13-Dec-2017","EQ","252.00","253.20","240.10","249.95","244.15","244.00","247.34","1,655.55","160.60",2393737,"592,068,370.15",19321
"12-Dec-2017","EQ","250.95","254.85","249.00","251.50","250.60","249.95","252.00","1,655.55","160.60",2208589,"556,563,323.10",34372
"11-Dec-2017","EQ","253.40","253.50","248.65","252.45","250.85","251.50","250.95","1,655.55","160.60",2248099,"564,156,773.10",21545
"08-Dec-2017","EQ","252.50","257.35","249.20","250.85","251.50","252.45","254.07","1,678.00","160.60",2869536,"729,058,334.30",30812
"07-Dec-2017","EQ","243.00","252.00","242.80","242.15","251.95","250.85","248.16","1,678.00","160.60",1934627,"480,088,716.50",19659
"06-Dec-2017","EQ","246.00","246.85","241.15","247.70","242.15","242.15","243.39","1,678.00","160.60",3872984,"942,651,084.35",35140
"05-Dec-2017","EQ","250.80","251.35","244.50","251.85","249.00","247.70","247.58","1,678.00","160.60",2253438,"557,907,526.10",22582
"04-Dec-2017","EQ","253.50","254.45","249.60","252.05","251.90","251.85","252.49","1,678.00","160.60",1309523,"330,646,581.25",11987
"01-Dec-2017","EQ","257.70","257.70","249.00","254.85","252.15","252.05","253.51","1,735.55","160.60",3410360,"864,563,884.45",21910
"30-Nov-2017","EQ","254.30","257.35","254.00","255.25","254.80","254.85","255.17","1,735.55","160.60",4677214,"1,193,505,717.15",40774
"29-Nov-2017","EQ","256.50","257.95","254.50","255.65","255.20","255.25","256.12","1,735.55","160.60",1852596,"474,486,982.50",12818
"28-Nov-2017","EQ","259.00","261.30","254.50","258.90","255.10","255.65","258.12","1,735.55","160.60",3948068,"1,019,069,047.15",29275
"27-Nov-2017","EQ","263.50","265.40","258.30","265.20","258.90","258.90","260.53","1,735.55","160.60",3340622,"870,342,265.45",22681
"24-Nov-2017","EQ","267.90","267.90","263.30","266.85","265.80","265.20","265.76","1,735.55","160.60",1325725,"352,318,635.00",14718
"23-Nov-2017","EQ","269.30","273.30","265.55","268.55","266.70","266.85","268.85","1,735.55","160.60",2649055,"712,190,768.85",15957
"22-Nov-2017","EQ","270.20","270.30","265.00","268.85","269.40","268.55","267.23","1,735.55","160.60",1320466,"352,863,136.95",16934
"21-Nov-2017","EQ","266.95","270.00","265.80","265.95","268.60","268.85","268.39","1,735.55","160.60",1814757,"487,063,532.25",17890
"20-Nov-2017","EQ","267.95","267.95","262.55","266.60","266.75","265.95","265.08","1,735.55","160.60",1589735,"421,404,545.95",18654
"17-Nov-2017","EQ","260.35","267.80","260.10","258.65","267.50","266.60","264.77","1,735.55","160.60",2241746,"593,544,107.40",16891
"16-Nov-2017","EQ","258.00","259.75","253.10","255.45","258.55","258.65","256.75","1,735.55","160.60",1768063,"453,945,524.75",19680
"15-Nov-2017","EQ","264.10","264.70","253.75","266.55","256.00","255.45","259.63","1,735.55","160.60",3199737,"830,758,619.40",24004
"14-Nov-2017","EQ","263.40","267.25","263.15","263.85","266.85","266.55","265.82","1,735.55","160.60",1464097,"389,185,132.90",14196
"13-Nov-2017","EQ","270.80","271.95","262.05","270.80","263.00","263.85","266.32","1,735.55","160.60",2186042,"582,195,450.95",42939
"10-Nov-2017","EQ","262.90","274.50","260.10","264.00","272.50","270.80","267.49","1,778.70","160.60",3062537,"819,212,241.40",25110
"09-Nov-2017","EQ","265.00","265.00","259.10","262.45","264.30","264.00","262.56","1,778.70","160.60",2293798,"602,266,224.45",16323
"08-Nov-2017","EQ","265.35","266.95","260.15","264.05","264.00","262.45","263.46","1,778.70","160.60",2332066,"614,397,234.50",19771
"07-Nov-2017","EQ","269.05","270.65","260.50","268.00","264.50","264.05","265.67","1,778.70","160.60",2538762,"674,464,732.60",23318
"06-Nov-2017","EQ","264.40","272.00","262.05","266.60","267.85","268.00","265.41","1,778.70","160.60",2518798,"668,519,046.10",28836
"03-Nov-2017","EQ","267.00","268.50","263.55","266.20","266.60","266.60","266.03","1,778.70","160.60",1805553,"480,331,361.05",29904
"02-Nov-2017","EQ","264.75","268.65","262.00","264.75","267.75","266.20","264.20","1,778.70","160.60",1850517,"488,899,620.50",21596
"01-Nov-2017","EQ","265.00","266.85","260.95","258.45","265.20","264.75","263.72","1,778.70","160.60",4308393,"1,136,225,405.55",33267